id,name,model_id,group_id/id,operation,domain
access_helpdesk_ticket_base_user,Tickets internos,helpdesk.ticket,base.group_user,r,"['|', ('partner_id', '=', user.partner_id.id), ('message_partner_ids', '=', user.partner_id.id)]"
access_helpdesk_ticket_user_personal,Tickets personales,helpdesk.ticket,helpdesk_mgmt.group_helpdesk_user_own,cru,"['|', '|', ('user_id', '=', user.id), '&', ('user_id', '=', False), ('team_id', 'in', user.helpdesk_team_ids.ids), '|', ('partner_id', '=', user.partner_id.id), ('message_partner_ids', '=', user.partner_id.id)]"
access_helpdesk_ticket_user_team,Tickets del equipo,helpdesk.ticket,helpdesk_mgmt.group_helpdesk_user_team,cru,"['|', '|', '|', ('team_id', 'in', user.helpdesk_team_ids.ids), ('team_id', '=', False), '|', ('user_id', '=', user.id), '&', ('user_id', '=', False), ('team_id', 'in', user.helpdesk_team_ids.ids), '|', ('partner_id', '=', user.partner_id.id), ('message_partner_ids', '=', user.partner_id.id)]"
access_helpdesk_ticket_user,Todos los tickets,helpdesk.ticket,helpdesk_mgmt.group_helpdesk_user,cru,
access_helpdesk_ticket_manager,helpdesk.ticket.manager,helpdesk.ticket,helpdesk_mgmt.group_helpdesk_manager,crud,
access_helpdesk_ticket_portal,Tickets personales del portal,helpdesk.ticket,base.group_portal,r,"['|', ('partner_id', 'child_of', [user.commercial_partner_id.id]), ('message_partner_ids', 'child_of', [user.commercial_partner_id.id])]"
helpdesk_ticket_comp_rule,Regla de compañía de ticket de Mesa de Ayuda,helpdesk.ticket,,crud,"[('company_id', 'in', company_ids + [False])]"
access_helpdesk_ticket_stage_manager,helpdesk.ticket.stage.manager,helpdesk.ticket.stage,helpdesk_mgmt.group_helpdesk_manager,crud,
access_helpdesk_ticket_stage_user,helpdesk.ticket.stage.user,helpdesk.ticket.stage,base.group_user,r,
access_helpdesk_ticket_stage_portal,helpdesk.ticket.stage.portal,helpdesk.ticket.stage,base.group_portal,r,
access_helpdesk_ticket_stage_public,helpdesk.ticket.stage.public,helpdesk.ticket.stage,base.group_public,ru,
access_helpdesk_ticket_tag_manager,helpdesk.ticket.tag.manager,helpdesk.ticket.tag,helpdesk_mgmt.group_helpdesk_manager,crud,
access_helpdesk_ticket_tag_user,helpdesk.ticket.tag.user,helpdesk.ticket.tag,base.group_user,r,
access_helpdesk_ticket_team_manager,helpdesk.ticket.team.manager,helpdesk.ticket.team,helpdesk_mgmt.group_helpdesk_manager,crud,
access_helpdesk_ticket_team_user,helpdesk.ticket.team.user,helpdesk.ticket.team,base.group_user,r,
access_helpdesk_ticket_team_portal,helpdesk.ticket.team.portal,helpdesk.ticket.team,base.group_portal,r,"[('show_in_portal', '=', True)]"
access_helpdesk_ticket_channel_manager,helpdesk.ticket.channel.manager,helpdesk.ticket.channel,helpdesk_mgmt.group_helpdesk_manager,crud,
access_helpdesk_ticket_channel_user,helpdesk.ticket.channel.user,helpdesk.ticket.channel,base.group_user,r,
access_helpdesk_ticket_category_manager,helpdesk.ticket.category.manager,helpdesk.ticket.category,helpdesk_mgmt.group_helpdesk_manager,crud,
access_helpdesk_ticket_category_user,helpdesk.ticket.category.user,helpdesk.ticket.category,base.group_user,r,
access_helpdesk_ticket_category_portal,helpdesk.ticket.category.portal,helpdesk.ticket.category,base.group_portal,r,
access_helpdesk_ticket_category_public,helpdesk.ticket.category.public,helpdesk.ticket.category,base.group_public,r,
access_helpdesk_ticket_duplicate_wizard,helpdesk.ticket.duplicate.wizard,helpdesk.ticket.duplicate.wizard,helpdesk_mgmt.group_helpdesk_user,crud,
access_helpdesk_ticket_subject_manager,helpdesk.ticket.subject.manager,helpdesk.ticket.subject,helpdesk_mgmt.group_helpdesk_manager,crud,
access_helpdesk_ticket_subject_user,helpdesk.ticket.subject.user,helpdesk.ticket.subject,base.group_user,cru,
access_helpdesk_ticket_subject_portal,helpdesk.ticket.subject.portal,helpdesk.ticket.subject,base.group_portal,r,
helpdesk_ticket_category_comp_rule,Regla de compañía de categoría de Mesa de Ayuda,helpdesk.ticket.category,,crud,"[('company_id', 'in', company_ids + [False])]"
helpdesk_ticket_channel_comp_rule,Regla de compañía de canal de Mesa de Ayuda,helpdesk.ticket.channel,,crud,"[('company_id', 'in', company_ids + [False])]"
helpdesk_ticket_stage_comp_rule,Regla de compañía de etapa de Mesa de Ayuda,helpdesk.ticket.stage,,crud,"[('company_id', 'in', company_ids + [False])]"
helpdesk_ticket_tag_comp_rule,Regla de compañía de etiqueta de Mesa de Ayuda,helpdesk.ticket.tag,,crud,"[('company_id', 'in', company_ids + [False])]"
helpdesk_ticket_team_comp_rule,Regla de compañía de equipo de Mesa de Ayuda,helpdesk.ticket.team,,crud,"[('company_id', 'in', company_ids + [False])]"
